INSERT INTO CLIENT(ID, NAME) VALUES(1, 'Luka Modric');
INSERT INTO CLIENT(ID, NAME) VALUES(2, 'Mateo Kovacic');
INSERT INTO CLIENT(ID, NAME) VALUES(3, 'Josko Gvardiol');

INSERT INTO METER(ID, CLIENT_ID) VALUES(1, 1);
INSERT INTO METER(ID, CLIENT_ID) VALUES(2, 2);
INSERT INTO METER(ID, CLIENT_ID) VALUES(3, 3);

INSERT INTO ADDRESS(ID, CLIENT_ID, STREET, HOUSE_NO, CITY) VALUES(1, 1, 'Ilica', '10', 'Zagreb');
INSERT INTO ADDRESS(ID, CLIENT_ID, STREET, HOUSE_NO, CITY) VALUES(2, 2, 'Maksimirska', '8', 'Zagreb');
INSERT INTO ADDRESS(ID, CLIENT_ID, STREET, HOUSE_NO, CITY) VALUES(3, 3, 'Jurisiceva', '20', 'Zagreb');

INSERT INTO METER_READING(ID, METER_ID, YEAR, MONTH, ENERGY_CONSUMED) VALUES(1, 1, 2020, 1, 11);
INSERT INTO METER_READING(ID, METER_ID, YEAR, MONTH, ENERGY_CONSUMED) VALUES(2, 1, 2020, 2, 14);
INSERT INTO METER_READING(ID, METER_ID, YEAR, MONTH, ENERGY_CONSUMED) VALUES(3, 1, 2020, 3, 9);
INSERT INTO METER_READING(ID, METER_ID, YEAR, MONTH, ENERGY_CONSUMED) VALUES(4, 1, 2020, 4, 23);
INSERT INTO METER_READING(ID, METER_ID, YEAR, MONTH, ENERGY_CONSUMED) VALUES(5, 1, 2020, 5, 16);
INSERT INTO METER_READING(ID, METER_ID, YEAR, MONTH, ENERGY_CONSUMED) VALUES(6, 1, 2020, 6, 18);
INSERT INTO METER_READING(ID, METER_ID, YEAR, MONTH, ENERGY_CONSUMED) VALUES(7, 1, 2020, 7, 12);
INSERT INTO METER_READING(ID, METER_ID, YEAR, MONTH, ENERGY_CONSUMED) VALUES(8, 1, 2020, 8, 17);
INSERT INTO METER_READING(ID, METER_ID, YEAR, MONTH, ENERGY_CONSUMED) VALUES(9, 1, 2020, 9, 8);
INSERT INTO METER_READING(ID, METER_ID, YEAR, MONTH, ENERGY_CONSUMED) VALUES(10, 1, 2020, 10, 25);
INSERT INTO METER_READING(ID, METER_ID, YEAR, MONTH, ENERGY_CONSUMED) VALUES(11, 1, 2020, 11, 20);
INSERT INTO METER_READING(ID, METER_ID, YEAR, MONTH, ENERGY_CONSUMED) VALUES(12, 1, 2020, 12, 22);

INSERT INTO METER_READING(ID, METER_ID, YEAR, MONTH, ENERGY_CONSUMED) VALUES(13, 2, 2020, 1, 7);
INSERT INTO METER_READING(ID, METER_ID, YEAR, MONTH, ENERGY_CONSUMED) VALUES(14, 2, 2020, 2, 15);
INSERT INTO METER_READING(ID, METER_ID, YEAR, MONTH, ENERGY_CONSUMED) VALUES(15, 2, 2020, 3, 12);
INSERT INTO METER_READING(ID, METER_ID, YEAR, MONTH, ENERGY_CONSUMED) VALUES(16, 2, 2020, 4, 19);
INSERT INTO METER_READING(ID, METER_ID, YEAR, MONTH, ENERGY_CONSUMED) VALUES(17, 2, 2020, 5, 13);
INSERT INTO METER_READING(ID, METER_ID, YEAR, MONTH, ENERGY_CONSUMED) VALUES(18, 2, 2020, 6, 11);
INSERT INTO METER_READING(ID, METER_ID, YEAR, MONTH, ENERGY_CONSUMED) VALUES(19, 2, 2020, 7, 16);
INSERT INTO METER_READING(ID, METER_ID, YEAR, MONTH, ENERGY_CONSUMED) VALUES(20, 2, 2020, 8, 24);
INSERT INTO METER_READING(ID, METER_ID, YEAR, MONTH, ENERGY_CONSUMED) VALUES(21, 2, 2020, 9, 29);
INSERT INTO METER_READING(ID, METER_ID, YEAR, MONTH, ENERGY_CONSUMED) VALUES(22, 2, 2020, 10, 8);
INSERT INTO METER_READING(ID, METER_ID, YEAR, MONTH, ENERGY_CONSUMED) VALUES(23, 2, 2020, 11, 14);
INSERT INTO METER_READING(ID, METER_ID, YEAR, MONTH, ENERGY_CONSUMED) VALUES(24, 2, 2020, 12, 15);